party_id,as_filed,qid,wd_label,wd_description,p31,mark,mapped_type
2399,American Association of Grain Inspection & Weighing Agencies,,,,,,
3569,American Forest Resource Council,,,,,,
9861,Baltimore Metropolitan Council,,,,,,
3978,Caribbean Shippers Association Inc,,,,,,
6207,Committee For Preservation Of The Rice-Blythe-Ripley Rail Line,,,,,,
7791,Community Coalition On High Speed Rail,,,,,,
5960,Coos/Sisklyou Shippers Coalition,,,,,,
6039,Eugene Area Chamber Of Commerce,Q96091382,Eugene Area Chamber of Commerce.,,Q43229,,
3341,Halogenated Solvents Industry Alliance Inc,Q30265010,Halogenated Solvents Industry Alliance (United States),"company in Arlington, United States",Q4830453,,company
5407,International Brotherhood Of TeamstersBrotherhood Of Maintenance Of Way Employes,,,,,,
4070,Kalispell Area Chamber Of Commerce,,,,,,
7603,Michigan Agri-Business Association,,,,,,
6505,Midwest Shippers Association,,,,,,
3345,Motor Carriers Traffic Association,,,,,,
9630,National Coast Trail Association,,,,,,
478,National Industrial Transportation League,,,,,,
53,Natural Resources Defense Council,Q841895,Natural Resources Defense Council,"non-profit international environmental advocacy group, with its headquarters in New York City",Q163740|Q1785733,,
821,North Dakota Grain Growers Association,,,,,,
2143,Ohio Chamber of Commerce,,,,,,
9878,Panhandle Rail Trail Association,,,,,,
8798,Pennsylvania Chemical Industry Council,,,,,,
5660,Powder River Basin Resource Council,,,,,,
3732,Seafarers International Union,Q1716615,Seafarers International Union of North America,"organization of 12 autonomous labor unions of mariners, fishermen and boatmen",Q43229|Q178790,,
3679,South Dakota Education Association/Nea,,,,,,
6181,Teamsters Rail Conference,,,,,,
850,The Association of Maryland Pilots,,,,,,
2486,The Coalition to Stop CPKC,,,,,,
2340,The Industrial Transportation League,,,,,,
2396,The Institute of Scrap Recycling Industries,,,,,,
6072,Toledo Metropolitan Area Council Of Governments,Q17090214,Toledo Metropolitan Area Council of Governments,metropolitan planning organization,,,
3707,Transportation Communications International Union,Q7835165,Transportation Communications International Union,Organization in the United States,Q178790,,
2345,Transportation Communications Union,,,,,,
4501,United Transportation Union General Committee Of Adjustment,,,,,,
4771,United Transportation Union New York State Legislative Board,,,,,,
8794,Us Glass Producers Transportation Council,,,,,,
8843,"Vermont Association Of Snow Travelers, Inc.",Q16889998,Vermont Association of Snow Travelers,American snowmobiling organization,Q163740,,
739,Western Chicagoland Merger Oversight Alliance,,,,,,
5409,Western Coal Traffic LeagueWestern Fuels Association Inc,,,,,,
4976,"Western Fuels Association, Inc. And Basin Electric Power Cooperative, Inc.",,,,,,
3755,Wisconsin Association Of Manufacturers & Commerce Inc,,,,,,
669,"AJAK Rail, LLC",,,,,,
3014,Alaska Steel Corporation,,,,,,
3378,Alliant Energy Corporation,Q4732492,Alliant Energy,"public utility holding company based in Madison,WI, US",Q4830453|Q891723,,company
6226,Amvac Chemical Corporation,,,,,,
3957,Appalachian Power Company,Q109013941,Appalachian Power,utility in the United States,Q4830453|Q1951366,,company
7901,"Bentonite Performance Minerals, Llc",,,,,,
4453,Camas Prairie Railmet Inc,,,,,,
300,"Ethanol Products, LLC",,,,,,
83,"Evergy Metro, Inc.",,,,,,
9325,"Foresight Coal Sales, Llc Suger Camp Energy, Llc",,,,,,
4025,Fraser Papers Inc,Q3362880,Fraser Papers,,Q4830453,,company
828,Freeport-McMoRan Inc.,Q1453620,Freeport-McMoRan,producer of copper and gold,Q4830453|Q6881511|Q891723,,company
2255,"HMA Properties, LLC",,,,,,
3844,Interdynamics Inc,Q135509585,Interdynamic AB,defunct Swedish firearms manufacturer,Q64689341,,
9818,"Iron And Metals, Inc.",,,,,,
5025,J.D. Heiskell & Company,,,,,,
4625,Kinder Morgan Liquids Terminals Llc,,,,,,
8683,Lapeer Development Corporation,,,,,,
2258,"Lineage Logistics, LLC",Q60746845,Lineage Logistics,international warehousing and logistics management corporation,Q167037|Q697852,,
2483,Mid-Atlantic Gateway LLC,,,,,,
5530,Middlewest Motor Freight Bureau IncPacific Inland Tariff Bureau Inc,,,,,,
720,Occidental Chemical Corporation,Q31884170,Occidental Chemical Corporation,American chemical corporation,Q90285334|Q43229,,
5638,Patriot Rail Corp,,,,,,
4592,Philadelphia Industrial Development Corporation,,,,,,
3229,Premay Pipeline Hauling Ltd,,,,,,
2599,Rainier Rail LLC,,,,,,
7763,Roanoke Cement Company,,,,,,
2646,"Savannah Industrial Logistics, LLC",,,,,,
504,"South Central Florida Express, Inc.",Q7566756,"South Central Florida Express, Inc.",shortline railroad in Florida,Q728937,,
1354,SteelRiver Transport Ventures LLC,,,,,,
2222,Stimson Lumber Company,Q113171658,Stimson Lumber Company Inc.,American forest products company,Q1589009,,
229,TIP MN Investments LP,,,,,,
1338,"The Baupost Group, L.L.C.",Q4873568,The Baupost Group,American Hedge Fund and Investment Manager,Q149789|Q14864997,,
9809,The Pasha Group,,,,,,
6256,"Total Transportation Services, Inc.",Q66132712,"Total Transportation Services, Inc","Logistics provider driven by California Compliance and Sustainability. Services include transportation of imports and exports within the US, Canada and Mexico.",Q4830453,,company
8688,"Tucker Company Worldwide, Inc.",,,,,,
3008,United Parcel Service Inc,Q155026,United Parcel Service,American international package delivery company,Q4830453|Q891723,,company
6707,"Vanchlor Co., Inc.",,,,,,
8261,Wally Mcrae/Clint Mcrae D.B.A. Rocker Six Cattle Company,,,,,,
1832,"Waste Connections US Holdings, Inc.",,,,,,
6154,Board Of Lincoln County Commissioners,,,,,,
4157,Boone And Dallas County Conservation Boards,,,,,,
5082,Cape May County Municipal Utilities Authority,Q128034416,Cape May County Municipal Utilities Authority,"government agency for utilities in Cape May County, New Jersey",Q327333,,government
5744,Champaign County Chamber Of Commerce Board Of Directors,,,,,,
7773,City Of Bakersfield,Q139041350,City of Bakersfield,"government of Bakersfield, California, United States",Q138816350,,
4057,City Of Fitchburg Massachusetts,,,,,,
4673,City Of Snohomish,,,,,,
3911,City Of Topeka Kansas,,,,,,
1008,City of Chicago,Q1297,Chicago,"city and county seat of Cook County, and largest city in State of Illinois, United States of America",Q110071194|Q208511|Q1549591,,
1767,City of Los Angeles,Q65,Los Angeles,"seat of Los Angeles County, and largest city in California, United States",Q13218391|Q515|Q200250|Q131338872|Q1093829,,government
8590,Colorado Department Of Transportation,Q2112717,Colorado Department of Transportation,"government agency in Colorado, United States",Q97010948,,
8043,Department Of Defense,Q1788820,defence ministry,type of ministry responsible for the armed forces and related agencies,,,
4613,Florida Department Of State Division Of Historical Resources,,,,,,
5138,"Gaston County North Carolina,",,,,,,
764,Grand County Board of Commissioners Colorado,,,,,,
3401,Green Hills Regional Planning Commission,,,,,,
1743,Hancock County Port,,,,,,
2065,Hennepin County,Q486229,Hennepin County,"county in Minnesota, United States",Q12262532,,
1844,Humboldt County Association of Governments,,,,,,
3563,Jackson County Port Authority,,,,,,
7930,Letcher County Fiscal Court,,,,,,
6340,Mayor Of The City Of Mitchell,,,,,,
4308,Medina County Environmental Action Association,,,,,,
5104,Mercer County Improvement Authority,Q127925747,Mercer County Improvement Authority,"government agency for utilities in Bergen County, New Jersey",Q327333,,government
6667,Monroe County Industrial Development Corporation,,,,,,
6562,New Castle-Henry County Economic Development Corporation,,,,,,
9701,New York State Public Service Commission,Q63917806,New York State Public Service Commission Files (NAID 1225531),series in the National Archives and Records Administration's holdings,Q2668072,,
662,North Carolina Department of Transportation,Q3438398,North Carolina Department of Transportation,"government agency in North Carolina, United States connecting people, products and places",Q97010948|Q133309046,,
5995,Pennsylvania Department Of Conservation And Natural Resources,Q7163704,Pennsylvania Department of Conservation and Natural Resources,department within the government of the U.S. state of Pennsylvania,Q327333,,government
6592,Port Of Miami,Q629042,Port of Miami,2006 studio album by Rick Ross,Q482994,,
666,Schuylkill River Passenger Rail Authority,,,,,,
4299,State Of Georgia,Q1428,Georgia,state of the United States of America,Q35657,,government
5175,State Of New Hampshire Department Of Transportation,,,,,,
6277,State Of New York Office Of The Attorney General,,,,,,
4948,State Of Washington,Q1223,Washington,state of the United States of America,Q35657,,government
961,The State of Ohio,Q101353460,The State of Ohio,podcast from 90.3 WCPN ideastream,Q24634210,,
1083,United States Steel Corporation,Q72539,U.S. Steel,US steel-producing company,Q4830453|Q6881511|Q891723,,company
878,Utah Department of Transportation,Q2506783,Utah Department of Transportation,"government agency of Utah, United States",Q97010948,,
5759,Village Of Oswego,,,,,,
320,Virginia Port Authority,Q7934459,Virginia Port Authority,autonomous agency of the Commonwealth of Virginia,Q327333|Q125221287,,government
742,Baker & Miller PLLC,,,,,,
5383,Balch & Bingham Llp,,,,,,
10067,Braymer Law Pllc,,,,,,
8313,"Co-Alliance, Llp",,,,,,
5966,"Consultant Group Of Hecking & Remington, Llp",,,,,,
2643,Dentons US LLP,,,,,,
5182,Harkins Cunningham Llp,,,,,,
9817,Hogan Lovells Us Llp,,,,,,
4047,Kirkpatrick & Lockhart Llp,,,,,,
1586,"Law Office of Thomas W. Wilcox, LLC",,,,,,
138,Mullins Law Group PLLC,,,,,,
3430,Oxyvinyls Llp,,,,,,
2747,Slover & Loftus LLP,,,,,,
1374,Steptoe & Johnson LLP,Q17109287,Steptoe & Johnson,"international law firm headquartered in Washington, D.C",Q4830453|Q613142,,company
5186,Troutman Sanders Llp,Q7846641,Troutman Sanders,American law firm founded in 1897,Q4830453|Q6881511|Q613142,,company
1292,Alabama & Gulf Coast Railway LLC,Q2636301,Alabama and Gulf Coast Railway,railroad in Southern United States,Q249556,,railroad
4611,American Orient Express Railway Company Llc,,,,,,
7928,"Buckeye Railroad Holdings, Llc",,,,,,
9888,C & C Railroad Llc,,,,,,
338,California Northern Railroad Company,Q5020717,California Northern Railroad,class III line up the western Sacramento Valley,Q249556,,railroad
3447,Canadian Pacific Railway Company-Delaware And Hudson Railway Company Inc-Soo Line Corp,,,,,,
7926,Cbec Railway Inc,,,,,,
9531,Chattooga & Chickamauga Railway Company,,,,,,
4745,Columbus & Ohio River Rail Road Company,,,,,,
657,"Connecticut Southern Railroad, Inc.",Q5161611,Connecticut Southern Railroad,Freight railroad in Connecticut and Massachusetts,Q249556,,railroad
2852,Connersville Northern Railroad LLC,,,,,,
8630,"Csx Transportation, Inc. And The Three Rivers Railway Company",,,,,,
8096,D/B/A Yadkin Valley Railroad Company,,,,,,
3660,Georgetown Railroad Company,Q5547038,Georgetown Railroad,,Q249556,,railroad
6117,"Grand Elk Railroad, L.L.C.",Q5594525,Grand Elk Railroad,"class III railroad in Indiana and Michigan, USA",Q249556,,railroad
7937,Grand Trunk Western Railroad Company And Illinois Central Railroad Company,,,,,,
1771,Gulf & Ship Island Railroad LLC,Q19067144,Gulf & Ship Island Railroad Company v. Hewes,United States Supreme Court case,Q19692072|Q2334719,,
308,"HGS Railway Holdings, Inc.",,,,,,
4565,Heart Of Georgia Railroad Inc,Q5692273,Heart of Georgia Railroad,railway line in the United States of America,Q728937,,
8207,"Inc.Luzerne And Susquehanna Railway CompanyMeridian Southern Railway LlcLehigh Railway, Llc",,,,,,
7362,Maryland & Pennsylvania Railroad Preservation Society,,,,,,
4996,Maryland And Delaware Railroad Company,Q6781532,Maryland and Delaware Railroad,railway line in the United States of America,Q728937,,
3984,"Mid-America Development Company & Mid-America Railroad, Llc",,,,,,
1978,"Missouri Eastern Railroad, LLC",Q111939610,Missouri Eastern Railroad,American shortline railroad,Q249556,,railroad
6448,Nebraska Railroad Museum,Q116044747,Nebraska Railroad Museum,railway Museum in Nebraska,Q33506,,
4444,New Orleans And Gulf Coast Railway Company Inc,,,,,,
4300,New York And Eastern Railway Llc,,,,,,
3851,New York Cross Harbor Railroad Terminal Corporation,,,,,,
891,Northeast Texas Railway Company,,,,,,
4620,Northern Central Railroad,Q19077847,Northern Central Railroad Company v. Jackson,United States Supreme Court case,Q19692072|Q2334719,,
7590,"Pecos Valley Permian Railroad, L.L.C.",,,,,,
1936,"Pioneer Valley Railroad Company, Inc.",,,,,,
2160,R. J. Corman Railroad Group,Q7273365,R.J. Corman Railroad Group,American railroad company,Q4830453,,company
4500,Seminole Gulf Railway Lp,,,,,,
7536,Sierra Railroad Company And Sierra Northern Railway,,,,,,
520,Terminal Railroad Association of St. Louis,Q7702680,Terminal Railroad Association of St. Louis,Switching and terminal railroad,Q740752,,railroad
8682,The Shipper Coalition For Railroad Competition,,,,,,
4240,Twin State Railroad Corporation,Q2105191,Portland and Ogdensburg Railway,transport company in United States of America,Q740752,,railroad
2452,Union Railroad Company & Transtar,,,,,,
2386,Wolf Creek Railroad LLC,,,,,,
4892,Acuity Brands Lighting,Q132104561,,,Q43229,,
8947,Ann Marie Baskerville,,,,,,
5088,Arizona Grain Co.,,,,,,
3137,California Assembly Legislature,,,,,,
2709,Canadian Paciifc Kansas City Limited,,,,,,
3060,Canadian Wheat Board,Q2511292,Canadian Wheat Board,Defunct Canadian marketing board,Q327333,,government
7698,Christopher Thomas Marsh,,,,,,
4629,Cities Of East Chicago Indiana,,,,,,
7614,Dmh Trust Fbo Martha M. Head,,,,,,
3104,Doman Forest Products Limited,,,,,,
8001,East Yard Communities For Environmental Justice,,,,,,
3607,Elmer & Delores Hurling,,,,,,
9754,Friends Of Hank Aaron State Trail,,,,,,
9729,Friends Of The Riverfront,,,,,,
9727,Greater Ohio Lake To River Greenway (Golrg),,,,,,
4390,Greenwich Village Society For Historic Preservation,Q5604904,Greenwich Village Society for Historic Preservation,organization,Q163740|Q6815100|Q89126428,,
10024,Honorable Andy Harris,,,,,,
7599,Honorable Bill Huizenga,,,,,,
2248,Honorable Christian Barranco,,,,,,
8748,Honorable Cliff Hite,,,,,,
401,Honorable Glenn Youngkin,,,,,,
1835,Honorable Henry Cuellar,,,,,,
2083,Honorable Hugh Shine,,,,,,
5976,Honorable James P. Moran,,,,,,
1942,Honorable Jason Osborne,,,,,,
638,Honorable Kathleen Kauth,,,,,,
1682,Honorable Leo C. McDermott,,,,,,
9546,Honorable Linda Koop,,,,,,
2261,Honorable Mark Finchem,,,,,,
6652,Honorable Mark R. Warner,,,,,,
1900,Honorable Peter A. DeFazio,,,,,,
6136,Honorable Randy Terrill,,,,,,
7429,Honorable Richard J Durbin,,,,,,
2270,Honorable Rick Crawford,,,,,,
583,Honorable Robert Crawley,,,,,,
7522,Honorable Robert J. Dold,,,,,,
8755,Honorable Robert Stivers,,,,,,
9357,Honorable Susan W. Brooks,,,,,,
8698,Honorable Terry Boose,,,,,,
1558,Honorable Tim Burchett,,,,,,
3255,Inland Cement Limited,,,,,,
2118,International Warehouse Logistics Assocciation,,,,,,
1481,J.R. (Bo) Thompson,,,,,,
7658,Kern Oil & Refining Co.,Q116718367,Kern Oil & Refining Co,"power station with capacity >1MW in Kern County, California",Q3498533|Q1427536,,
4253,Lee & Gail Skoglund,,,,,,
3614,Leroy D Shirley A & Todd Voss,,,,,,
2435,Lora Anne Lucero,,,,,,
7810,Mayor Ashley Swearengin,,,,,,
2100,Mayor Bill Lutz,,,,,,
5506,Memphis Community Connector,,,,,,
5239,Middlewest Motor Freight,,,,,,
3672,Minnesotans For An Energy-Efficient Economy (Me3),,,,,,
3062,Multi-Temp Express,,,,,,
6123,"Nevada Nuclear Waste Task Force, Incorporated",,,,,,
5224,Oil Creek & Titusville Lines,,,,,,
1912,Parks & Trails New York,Q7138638,Parks & Trails New York,"nonprofit organization in New York state, USA",Q180684|Q163740,,
8064,Pgag (Plains Grain & Agronomy),,,,,,
2696,S&P Global,Q868587,S&P Global,"American publicly traded corporation, formerly McGraw Hill Financial, Inc",Q4830453|Q6881511|Q891723,,company
2226,STB (CSX Mtg. Summary),,,,,,
2419,Sierra Club/Friends of the Eel River,,,,,,
8386,Stb (Basf Mtg. Summary),,,,,,
9927,Stb (Domtar And Af&Pa Mtg. Summary),,,,,,
9318,Susan Hoskins Miller,,,,,,
3697,Thomas And June M Rieff,,,,,,
948,Transportation for America,Q7835193,Transportation for America,US policy organization focused on building grassroots support for—and enacting— laws that support progressive transportation and land use policy,Q18325436|Q431603,,
302,University of Illinois Urbana-Champaign,Q457281,University of Illinois Urbana-Champaign,"public research university in Urbana and Champaign, Illinois, United States",Q62078547|Q615150|Q23002039,,
5577,Urbana Park District,,,,,,
8200,Us Dept.Of Agr.,,,,,,
7685,Western Interstate Energy Board,Q138076082,Western Interstate Energy Board,commission that administers an interstate compact,Q106583901,,
9591,William Kuntz Iii,,,,,,
